{
	"categories": [
	{
		  "name": "Drinks",
		  "img":"../../assets/imgs/drinks.jpg",
		  "products": [
			{"name": "Coca-Cola 50cl", "price": 4, "img":"../../assets/imgs/coca.jpg", "desc": "Coca-Cola is the most popular and biggest-selling soft drink in history, as well as one of the most recognizable brands in the world."},
			{"name": "Fanta 50cl", "price": 3, "img":"../../assets/imgs/fanta.jpg", "desc": "Fanta is the second oldest brand of The Coca-Cola Company and our second largest brand outside the US. Fanta Orange is the leading flavor but almost every fruit grown is available as a Fanta flavor somewhere.  Consumed more than 130 million times every day around the world, consumers love Fanta for its great, fruity taste."},
            {"name": "Sprite 50cl", "price": 4, "img":"../../assets/imgs/sprite.jpg", "desc": "Sprite is the world's leading lemon-lime flavored soft drink. Sprite is sold in more than 190 countries and ranks as the No. 3 soft drink worldwide."},
			{"name": "Ice Tea 50cl", "price": 3, "img":"../../assets/imgs/iceTea.jpg", "desc": "Iced tea (or ice tea;[1] thé glacé in French) is a form of cold tea. Though usually served in a glass with ice, it can refer to any tea that has been chilled or cooled. It may be sweetened. Iced tea is also a popular packaged drink. It can be mixed with flavored syrup, with multiple common flavors including lemon, raspberry, lime, passion fruit, peach, orange, strawberry, and cherry."},
            {"name": "Heineken 50cl", "price": 4, "img":"../../assets/imgs/heineken.jpg", "desc": "Heineken is committed to brewing great tasting beer. And we're equally committed to helping you enjoy it in a responsible way."},
			{"name": "Evian 50cl", "price": 3, "img":"../../assets/imgs/evian.jpg", "desc": "Evian (/ˈeɪviɒn/ AY-vee-on; French pronunciation: ​[evjɑ̃]; stylized as evian), is a brand of mineral water coming from several sources near Évian-les-Bains, on the south shore of Lake Geneva."}
		]
	},
	{
		  "name": "Sandwiches",
		  "img":"../../assets/imgs/sandwichIcon.jpg",
		  "products": [
			{"name": "Jambon beurre", "price": 6, "img":"../../assets/imgs/sand1.jpg", "desc": "A jambon-beurre is an extremely popular French ham sandwich made of a baguette sliced open, spread with butter, and filled with slices of ham."},
			{"name": "Hot-Dog", "price": 7, "img":"../../assets/imgs/sand2.jpg", "desc": "A hot dog (also spelled hotdog), also known as a frankfurter (sometimes shortened to frank), dog, or wiener, is a cooked sausage, traditionally grilled or steamed and served in a partially sliced bun.[2][3][4][5] It is a type of sausage sandwich. Typical garnishes include mustard, ketchup, onions, mayonnaise, relish, coleslaw, cheese, chili, olives, and sauerkraut."},
            {"name": "Vegetarien", "price": 6, "img":"../../assets/imgs/sand3.jpg", "desc": "Vegetarian cuisine is based on food that meets vegetarian standards by not including meat and animal tissue products (such as gelatin or animal-derived rennet)."},
			{"name": "Poulet Frites", "price": 7, "img":"../../assets/imgs/sand4.jpg", "desc": "Poulet frites is traditionally served with French fries (the frites in the name), and une salade. It actually tends to be the dish I order most in Paris, even more than steak frites, because it’s pretty fantastic anywhere you go."}
		]
	},
    {
		  "name": "Desserts",
		  "img":"../../assets/imgs/dessertIcon.jpg",
		  "products": [
			{"name": "Gateau au chocolat", "price": 6, "img":"../../assets/imgs/desert1.jpg", "desc": "The chocolate cake is the classic that always pleases young and old, even if we are not always on the same flavors / textures according to the age that we have. My son, for example, likes soft chocolate cakes, with a good chocolate taste but neither too intense in chocolate nor flowing. If the cake is easy to eat without crumbling, it is not dry is even better and the one I propose below is just perfect."},
			{"name": "Tarte aux pommes", "price": 7, "img":"../../assets/imgs/desert2.jpg", "desc": "Pour the compote on the dough and place the apple slices forming a spiral or several circles, to choose from! Arrange slices of butter on top."},
            {"name": "Crème caramel", "price": 6, "img":"../../assets/imgs/desert3.jpg", "desc": "Creme caramel is a stylish gluten-free dessert which everyone will love."},
			{"name": "Glaces", "price": 7, "img":"../../assets/imgs/desert4.jpg", "desc": "Made from Midwest milk and all natural ingredients, our ice cream is churned in small batches to ensure a deliciously smooth and creamy experience."}
		]
	}
  ]
}
