{
	"categories": [
	{
		  "name": "Drinks",
		  "img":"../../assets/imgs/drinks.jpg",
		  "products": [
			{"name": "Coca-Cola 50cl", "price": 4, "img":"../../assets/imgs/coca.jpg", "desc": "Coca-Cola is the most popular and biggest-selling soft drink in history, as well as one of the most recognizable brands in the world."},
			{"name": "Fanta 50cl", "price": 3, "img":"../../assets/imgs/fanta.jpg", "desc": "Fanta is the second oldest brand of The Coca-Cola Company and our second largest brand outside the US. Fanta Orange is the leading flavor but almost every fruit grown is available as a Fanta flavor somewhere.  Consumed more than 130 million times every day around the world, consumers love Fanta for its great, fruity taste."},
            {"name": "Sprite 50cl", "price": 4, "img":"../../assets/imgs/sprite.jpg", "desc": "Sprite is the world's leading lemon-lime flavored soft drink. Sprite is sold in more than 190 countries and ranks as the No. 3 soft drink worldwide."},
			{"name": "Vin Rouge 50cl", "price": 8, "img":"../../assets/imgs/rouge.jpg", "desc": "French wine is produced all throughout France.  France is the largest wine producer in the world.  The wines produced range from expensive high-end wines sold internationally to more modest wines usually only seen within France."},
            {"name": "Heineken 50cl", "price": 4, "img":"../../assets/imgs/heineken.jpg", "desc": "Heineken is committed to brewing great tasting beer. And we're equally committed to helping you enjoy it in a responsible way."},
			{"name": "Evian 50cl", "price": 3, "img":"../../assets/imgs/evian.jpg", "desc": "Evian (/ˈeɪviɒn/ AY-vee-on; French pronunciation: ​[evjɑ̃]; stylized as evian), is a brand of mineral water coming from several sources near Évian-les-Bains, on the south shore of Lake Geneva."}
		]
	},
	{
  		"name": "Pizzas",
		"img":"../../assets/imgs/pizza.jpg",
		  "products": [
			{"name": "Margarita", "price": 10, "img":"../../assets/imgs/margarita.jpg", "desc": "Pizza Margherita is a typical Neapolitan pizza, made with San Marzano tomatoes, mozzarella fior di latte, fresh basil, salt and extra-virgin olive oil."},
			{"name": "Végan", "price": 11, "img":"../../assets/imgs/vege.jpg", "desc": "The best and easiest vegan pizza with a garlic-herb crust, simple tomato sauce, loads of sauteed veggies, and vegan parmesan cheese."},
            {"name": "4 Fromages", "price": 12, "img":"../../assets/imgs/fromages.jpg", "desc": "4 Fromages Pizza: If you have never tasted a pizza prepared with spring water, then you’ve never eaten a good pizza! Our 4 cheese pizza is a real Neapolitan pizza"},
			{"name": "Hawaian", "price": 11, "img":"../../assets/imgs/hawai.jpg", "desc": "Hawaiian pizza is a pizza topped with tomato sauce, cheese, pineapple, and back bacon or ham. Some versions may include peppers, mushrooms, or bacon."}
		]
	},
    {
  		"name": "Pates",
		"img":"../../assets/imgs/pates.jpg",
		  "products": [
			{"name": "Arrabiata", "price": 9, "img":"../../assets/imgs/arrabiata.jpg", "desc": "Pasta arrabiata is a recipe with quite a bit of spice. If your family prefers milder flavor, omit the crushed red pepper flakes."},
			{"name": "4 Fromages", "price": 10, "img":"../../assets/imgs/fromage.jpg", "desc": "The pasta recipe with 4 Cheeses is prepared in a few minutes. You can choose the type of pasta you want, change the cheese (Gruyère, Comté, Parmesan, Mozzarella, Roquefort ...) according to your taste and what you have left in your fridge. You can also use this recipe as an accompaniment to a meat, such as Chicken Cutlets. For a beautiful presentation, you can add a leaf of Basil or parsley on the plate."},
            {"name": "Bolognaise", "price": 8, "img":"../../assets/imgs/bolo.jpg", "desc": "This spaghetti Bolognese recipe has very simple ingredients that create a really tasty family dish, make a little extra and have the leftovers for lunch!"},
			{"name": "Pesto", "price": 11, "img":"../../assets/imgs/pesto.jpg", "desc": "Genovese Pesto Sauce The classic pesto, perfected over generations. Rich in basil, pine nuts and parmesan cheese, it is a delight not to be missed. "}
		]
	},
    {
  		"name": "Plats",
		"img":"../../assets/imgs/platsIta.jpg",
		  "products": [
			{"name": "Escalope Milanaise", "price": 14, "img":"../../assets/imgs/milanaise.jpg", "desc": "Milanese schnitzel a recipe that I have been preparing for years and always a great success. An easy Italian recipe made with Panko and Parmesan and other spices an ideal accompaniment."},
			{"name": "Lasagnes", "price": 11, "img":"../../assets/imgs/lasagnes.jpg", "desc": "This is a classic lasagne recipe which has been perfected over the years. For the best results leave the lasagne to stand for six hours before cooking."},
            {"name": "Tomate Mozzarela", "price": 8, "img":"../../assets/imgs/mozza.jpg", "desc": "Mozzarella slices are served with tomatoes, fresh basil, and sprinkled with olive oil."},
			{"name": "Carpaccio de Boeuf", "price": 13, "img":"../../assets/imgs/carpaccio.jpg", "desc": "Carpaccio is a dish of raw meat or fish[1] (such as beef, veal, venison, salmon or tuna), thinly sliced or pounded thin and served mainly as an appetizer. It was invented in 1950 by Giuseppe Cipriani from Harry's Bar in Venice and popularised during the second half of the twentieth century.[2] The beef was served with lemon, olive oil, and white truffle or Parmesan cheese. Later, the term was extended to dishes containing other raw meats or fish, thinly sliced and served with lemon or vinegar, olive oil, salt and ground pepper."}
		]
	},
    {
  		"name": "Desserts",
		 "img":"../../assets/imgs/dessertIcon.jpg",
		  "products": [
			{"name": "Gateau au chocolat", "price": 6, "img":"../../assets/imgs/desert1.jpg", "desc": "The chocolate cake is the classic that always pleases young and old, even if we are not always on the same flavors / textures according to the age that we have. My son, for example, likes soft chocolate cakes, with a good chocolate taste but neither too intense in chocolate nor flowing. If the cake is easy to eat without crumbling, it is not dry is even better and the one I propose below is just perfect."},
			{"name": "Tarte aux pommes", "price": 7, "img":"../../assets/imgs/desert2.jpg", "desc": "Pour the compote on the dough and place the apple slices forming a spiral or several circles, to choose from! Arrange slices of butter on top."},
            {"name": "Crème caramel", "price": 6, "img":"../../assets/imgs/desert3.jpg", "desc": "Creme caramel is a stylish gluten-free dessert which everyone will love."},
			{"name": "Glaces", "price": 7, "img":"../../assets/imgs/desert4.jpg", "desc": "Made from Midwest milk and all natural ingredients, our ice cream is churned in small batches to ensure a deliciously smooth and creamy experience."}
		]
	}
  ]
}